﻿{"cameraMode":{"drawMode":0,"name":"Shaded","section":"Shading Mode"},"sceneLighting":true,"audioPlay":false,"sceneViewState":{"showFog":true,"showMaterialUpdate":false,"showSkybox":true,"showFlares":true,"showImageEffects":true,"showParticleSystems":true},"in2DMode":false,"pivot":{"x":-26.819351196289064,"y":-13.481973648071289,"z":-36.26220703125},"rotation":{"x":0.07565909624099732,"y":-0.9091941118240356,"z":0.18951179087162019,"w":0.36294233798980715},"size":93.1809310913086,"orthographic":false}